"Aamodt, Tor"	338953
"AbdelRaheem, Esam"	338944
"Abhari, Ramesh"	427364
"Abid, ZineEddine"	364234
"Abidi, Syed"	365686
"Abolmaesumi, Purang"	395391
"Abolmaesumi, Purang"	364538
"Aboulnasr, Tyseer"	338855
"Abugharbieh, Rafeef"	427413
"Achenbach, Sven"	338951
"Adams, Carlisle"	427235
"Affes, Sofiène"	406146
"Affes, Sofiène"	393616
"Agathoklis, Panajotis"	420166
"Aggarwal, AkshaiKumar"	337843
"Ahmad, Omair"	338853
"Ahmed, MohamedHossam"	427394
"Aiello, William"	431880
"Aiello, William"	402808
"Aimez, Vincent"	338932
"AissaJaidi, Sonia"	454428
"Aitchison, Stewart"	338922
"Aitken, Victor"	364336
"Ajib, Wessam"	338964
"Akyel, Cevdet"	449680
"Alagar, Vangalur"	449554
"Alajaji, Fady"	422917
"Alencar, Paulo"	424803
"Alexandrov, Dimiter"	366203
"Alhajj, Reda"	394815
"Allili, Madjid"	366298
"Allison, Robert"	455149
"AmarBensaber, Boucif"	337853
"Amari, Smain"	454618
"Amer, Aishy"	395369
"Amirfazli, Alidad"	363530
"An, Aijun"	425402
"Anand, Christopher"	394833
"Anantram, Manjeri"	364124
"Anderson, John"	425356
"Andrews, James"	337830
"Andrews, Robert"	361041
"Androutsos, Dimitros"	338434
"Anis, Mohab"	427037
"Anpalagan, Alagan"	338935
"Ansermino, Mark"	431897
"Antle, Alissa"	428965
"Antle, Alissa"	337904
"Anton, CalinDoru"	338440
"Antoniol, Giuliano"	337888
"Antoniou, Andreas"	389205
"April, Alain"	428768
"April, Alain"	337890
"Aravind, AlexAlagarsamy"	457315
"Arbel, Tal"	455056
"Areibi, Shawki"	364991
"Ascher, Uri"	338347
"Asif, Amir"	362642
"Assi, Chadi"	427397
"Asudeh, Arshia"	435044
"Atkins, Stella"	450212
"Atlee, Joanne"	362053
"Atrey, PradeepKumar"	434944
"Atwood, John"	337803
"Aubanel, Eric"	361735
"AuclairFortier, MarieFlavie"	457950
"AuclairFortier, MarieFlavie"	338442
"Audet, Yves"	361686
"Avis, David"	419651
"Ayanso, Anteneh"	337909
"Aycock, John"	455640
"Aïmeur, Esma"	392204
"Babin, Gilbert"	365490
"Bacchus, Fahiem"	338370
"Badri, Mourad"	337844
"Baecker, Ronald"	450213
"Bagheri, Ebrahim"	463714
"Bahreyni, Behraad"	464721
"Bahreyni, Behraad"	435060
"Bajcsy, Jan"	338915
"Baker, Christopher"	435363
"Balakrishnan, Ravin"	363735
"Baljko, Melanie"	362659
"Ban, Dayan"	338980
"Bandler, John"	338869
"Bandyopadhyay, Subir"	363712
"Baniasadi, Amirali"	361962
"Banzhaf, Wolfgang"	364872
"Barbeau, Michel"	392106
"Barbosa, Denilson"	396562
"Barker, Kenneth"	361150
"Barlage, Douglas"	461509
"Barron, John"	338369
"Bartram, Linda"	337889
"Basir, Otman"	363258
"Basu, Anup"	337812
"Beaubrun, Ronald"	362976
"Beaudry, Martin"	390754
"Beaulieu, Christian"	427368
"Beaulieu, Norman"	388863
"Beauvais, Jacques"	338890
"Behjat, Laleh"	427025
"Belostotski, Leonid"	403642
"Belzile, Jean"	361387
"BenDavid, Shai"	338436
"BenHamza, Abdessamad"	396430
"Benesty, Jacob"	427122
"Benkoczi, Robert"	435039
"Benlamri, Rachid"	361774
"Benoit, Darcy"	337874
"Benyahia, Ilham"	337834
"Berenbrink, Petra"	365509
"Bergeron, Anne"	422039
"Bergevin, Robert"	451852
"Bergler, Sabine"	422368
"Berry, Daniel"	425041
"Beyer, Dirk"	362518
"Beznosov, Konstantin"	427361
"Bhat, Ashoka"	450031
"Bhattacharya, Prabir"	338950
"Bhavsar, Virendrakumar"	363834
"Bigras, Pascal"	425046
"Bilodeau, GuillaumeAlexandre"	457171
"Bilodeau, GuillaumeAlexandre"	338435
"Bingham, Derek"	406148
"Biskri, Ismail"	393379
"Blake, Ian"	450106
"Blanchette, Mathieu"	395381
"Blostein, Dorothea"	390348
"Blustein, William"	394198
"Bock, Wojtek"	389349
"Bodorik, Peter"	420523
"Boley, Harold"	426948
"Booth, Kellogg"	451452
"Bornemann, Jens"	421209
"Borodin, Allan"	366072
"Bosisio, Renato"	338859
"Boucheneb, Hanifa"	337842
"Boufama, Boubakeur"	338388
"Bouguila, Nizar"	364418
"Boukadoum, Mounir"	338895
"Boulet, Benoit"	454204
"Bouslimani, Yassine"	362957
"Boutaba, Raouf"	424421
"Boutilier, Craig"	391253
"Bowling, Michael"	361825
"Boyd, Sylvia"	363140
"Boyer, FrançoisRaymond"	338941
"Bradbury, Jeremy"	402812
"Bremner, David"	454743
"Brett, Michael"	450989
"Bridges, Gregory"	421288
"Bridson, Robert"	395934
"Brlek, Srecko"	390665
"Brodsky, Alexander"	338453
"Brooks, Stephen"	427660
"Brooks, Stephen"	338433
"Brown, Stephen"	451734
"Bui, HungTien"	397966
"Bulatov, Andrei"	457561
"Bunt, Andrea"	463704
"Buro, Michael"	361366
"BurtonJones, Andrew"	429025
"BurtonJones, Andrew"	337908
"Buss, Jonathan"	338359
"Butler, Gregory"	422322
"Butz, Cory"	338408
"Cada, Michael"	338868
"Cai, Jun"	362216
"Cai, Lin"	457847
"Cai, Lin"	338954
"Caloz, Christophe"	457478
"Cameron, Helen"	365657
"Cameron, Robert"	449392
"Cameron, Robert"	419573
"Cardinal, Christian"	456496
"Carenini, Giuseppe"	363137
"Carette, Jacques"	365075
"Carpendale, Sheelagh"	364452
"Cartledge, John"	389025
"Cercone, Nick"	338392
"ChaibDraa, Brahim"	391199
"Chali, Yllias"	338397
"Chalin, Patrice"	395102
"Champagne, Benoit"	362023
"Chan, Adrian"	395469
"Chan, Christine"	338382
"Chan, Edward"	337806
"Chan, WaiYip(Geoffrey)"	338888
"Chang, Liuchen"	435116
"Chang, XiaoWen"	363618
"Chapman, Glenn"	338885
"Charbonneau, Alain"	365050
"Charette, Paul"	456136
"Charlebois, Serge"	427363
"Chau, Kenneth"	434597
"Chau, SiuCheung"	337808
"Chau, Thomas"	425139
"Chechik, Marsha"	452683
"Chen, ChihHung"	365627
"Chen, Chunhong"	338925
"Chen, Jiahua"	406149
"Chen, Jun"	402614
"Chen, Li"	364032
"Chen, Liang"	338430
"Chen, Stephen"	362303
"Chen, XiaoJun"	337831
"Chen, Yuanzhu"	428959
"Chen, Yuanzhu"	337902
"Cheng, Howard"	366495
"Cheng, Julian"	338966
"Cheng, LinOi(Irene)"	431935
"Cheriyan, Joseph"	422302
"Cherkaoui, Omar"	361402
"Childs, Andrew"	402850
"Chiu, David"	420524
"Chodavarapu, Vamsy"	364957
"Chouinard, JeanYves"	450956
"Chowdhury, Sazzadur"	456663
"Christara, Christina"	451160
"Chvátal, Vasek"	419697
"Chériti, Ahmed"	451723
"Cleve, Richard"	365155
"Coady, Yvonne"	456811
"Coady, Yvonne"	427505
"Coady, Yvonne"	364421
"Collins, Christopher"	463854
"Consens, Mariano"	366655
"Constantin, Nicolas"	463575
"Cooperstock, Jeremy"	338903
"Cordy, James"	364362
"Corinthios, Michael"	450294
"Corless, Robert"	450604
"Corneil, Derek"	338352
"Coulombe, Stéphane"	338956
"Cowan, Glenn"	402615
"Cowan, William"	389647
"Cox, Philip"	388195
"Cretu, Edmond"	338976
"Cros, Jérôme"	452557
"Crépeau, Claude"	422374
"Cui, Bo"	435297
"Culberson, Joseph"	338354
"Czarnecki, Krzysztof"	361854
"Czyzowicz, Jurek"	338364
"DAmours, Claude"	425249
"Dagenais, Michel"	365697
"Dahl, Veronica"	338340
"Daku, Brian"	390889
"Daley, Mark"	366255
"Damen, MohamedOussama"	456538
"Damian, Daniela"	455714
"Daneshmand, Mojgan"	434594
"Dansereau, Richard"	425978
"Dargham, Joumana"	337845
"Darmon, Henri"	406150
"Das, Olivia"	427985
"Datta, Suprakash"	455237
"Daudjee, Khuzaima"	434964
"David, JeanPierre"	362879
"Davidson, Timothy"	425254
"Davies, Jim"	429664
"Davies, Robert"	425245
"Day, Nancy"	455249
"DeFreitas, Joao(Nando)"	362443
"DeLara, Eyal"	363874
"DeSterck, Hans"	396576
"DeVolder, Kris"	361221
"DeZanche, Nicola"	435072
"Dean, Thomas"	363350
"Debbabi, Mourad"	337821
"Deen, Jamal"	449601
"Dehne, Frank"	450432
"Dehne, Frank"	338360
"Delgrande, James"	362491
"DemkeBrown, Angela"	365349
"Denidni, Tayeb"	422962
"Denko, Mieso"	395851
"Denzinger, Jörg"	455051
"Desai, Bipin"	363801
"Deschênes, François"	395353
"Descoteaux, Maxime"	463934
"Desharnais, Josée"	338413
"Deslandes, Dominic"	434613
"Desmarais, Michel"	363872
"Després, Philippe"	402566
"Desrosiers, Christian"	464030
"Deters, Ralph"	455156
"Deutsch, Clayton"	364646
"Devabhaktuni, Vijaya"	338957
"Dew, Steven"	451848
"DiPaola, Steve"	338432
"Diamond, James"	361819
"Dick, Scott"	366094
"Dickinson, Sven"	454631
"Ding, Chen(Cherie)"	363873
"Dobre, Octavia"	397683
"Dodds, David"	338871
"Doedel, Eusebius"	363357
"Domaratzki, Michael"	396725
"Dong, Min"	435088
"Dong, Xiaodai"	366208
"Doucette, John"	338967
"Dounavis, Anestis"	427663
"Drew, Mark"	362519
"Drummond, Christopher"	361472
"Dssouli, Rachida"	337814
"Du, Weichang"	365212
"Dubois, Maxime"	457280
"Dubé, Danny"	456626
"Dubé, Danny"	427326
"Dubé, Danny"	365049
"Duchesne, Simon"	435075
"Dueck, Gerhard"	421260
"Dugas, Charles"	364921
"Dumitrescu, Sorina"	364487
"Dumitrescu, Sorina"	338958
"Duntsch, Ivo"	426252
"Dussault, JeanPierre"	420068
"Dutchyn, Christopher"	361412
"Dymond, Patrick"	451692
"Dziong, Zbigniew"	427388
"ELDarieby, Mohamed"	427471
"ELDarieby, Mohamed"	365390
"Eager, Derek"	337795
"Eagleson, Roy"	423110
"Easterbrook, Stephen(Steve)"	425225
"Eavis, Todd"	396749
"Eck, Douglas"	456825
"Eck, Douglas"	363335
"Eckford, Andrew"	362453
"ElGamal, Mourad"	338904
"ElHawary, Mohamed"	419438
"ElKhatib, Khalil"	366341
"ElMarakby, Randa"	364914
"ElMasry, Ezz"	338863
"ElSaddik, Abdulmotaleb"	403747
"ElSaddik, Abdulmotaleb"	337855
"ElTanany, Mohamed"	338879
"Elbiaze, Halima"	396050
"Elio, Renée"	365614
"Ellen, Faith"	450433
"Elliott, Robert"	420505
"Ellis, Randy"	362412
"Elmasry, Mohamed"	450462
"EnNouaary, Abdeslam"	338939
"Englehart, Kevin"	454208
"Enright, Wayne"	338358
"EnrightJerger, Natalie"	435095
"Eramian, Mark"	365480
"Ergun, AyseFunda"	427529
"Esfandiari, Babak"	337839
"Ester, Martin"	337871
"Evoy, Stéphane"	457433
"Falconer, David"	365498
"Far, Behrouz"	426041
"Far, Behrouz"	337857
"Farmer, William"	454674
"Farzad, Babak"	402827
"Fathallah, Habib"	365991
"Fayek, Dalia"	394987
"Feeley, Michael"	337823
"Fels, Sidney"	366454
"Fels, Sidney"	337835
"Felty, Amy"	425279
"Fernandez, JoseManuel"	395967
"Fernando, Xavier"	366610
"Ferrie, Frank"	338366
"Fevens, Thomas"	338416
"Fiala, Mark"	431933
"Fiech, Adrian"	337819
"Finlay, Warren"	361835
"Fischmeister, Sebastian"	403218
"Fiume, Eugene"	422043
"Fleet, David"	451256
"Fleming, Michael"	366623
"Flocchini, Paola"	338391
"Fofana, Issouf"	457282
"Fong, Philip"	364288
"Fontaine, Réjean"	455287
"Fraczak, Wojciech"	426679
"Franek, Frantisek"	338365
"Franks, Greg"	456286
"Franks, Greg"	426982
"Frappier, Marc"	423097
"Frasson, Claude"	419201
"Freeman, George"	364849
"Freundorfer, Alois"	391262
"Friedlander, Michael"	396666
"Friedman, Joel"	366554
"Frize, Monique"	453061
"Frost, Richard"	450435
"Fung, Benjamin"	402849
"Funnell, Robert"	452536
"Funt, Brian"	419873
"Gagnon, François"	451607
"Gagnon, Ghyslain"	463626
"Gagnon, Langis"	425047
"Gagnon, Michel"	337875
"Gagné, Christian"	435055
"Galinier, Philippe"	338429
"Gallant, Robert"	338439
"Ganjali, Yashar"	366384
"Gao, Yong"	338451
"Gardner, William"	393292
"Garey, Lawrence"	338356
"Gasevic, Dragan"	402823
"Gaudet, Vincent"	366322
"Gaur, Daya"	426976
"Gauthier, Robert"	421781
"Gavrilova, Marina"	362490
"Gazor, Saeed"	454734
"Gburzynski, Pawel"	420771
"Gemino, Andrew"	455228
"Genov, Roman"	361222
"Gentleman, Morven"	337798
"Georganas, Nicolas"	338874
"Gerhard, David"	364933
"German, Daniel"	337870
"Geurkov, Vadim"	338923
"GhaderiDehkordi, Majid"	402819
"Ghannouchi, Fadhel"	451091
"GhodsiBoushehri, Ali"	428860
"GhodsiBoushehri, Ali"	338444
"Ghrayeb, Ali"	366467
"Giesbrecht, Mark"	391755
"Giroux, Sylvain"	337860
"Glaesser, Uwe"	395372
"Glitho, Roch"	364701
"Godbout, Nicolas"	427026
"Godfrey, Parke"	425351
"Godin, Robert"	363779
"Goel, Ashvin"	366563
"Gokaraju, Ramakrishna"	456546
"Gokaraju, Ramakrishna"	427245
"Goldberg, Ian"	361853
"Gondra, Iker"	428856
"Gong, Minglun"	362417
"Gooch, Amy"	362414
"Goodyear, Bradley"	431807
"Gopalakrishnan, Sathish"	366169
"Goswami, Dhrubajyoti"	337861
"Graham, Peter"	365698
"Grahne, Gosta"	392744
"Grant, Kevin"	403683
"Gras, Robin"	364647
"Green, James"	338446
"Green, Mark"	338337
"Greenspan, Michael"	338417
"Greer, Jim"	361742
"Greif, Chen"	364180
"Greiner, Russell"	363109
"Grenier, Dominic"	338884
"Gross, Warren"	427238
"Groza, Voicu"	425248
"Gruninger, Michael"	338456
"Gruver, William"	451795
"Gu, Qianping"	366636
"Guenin, Bertrand"	338407
"Guergachi, Aziz"	394707
"Gulliver, Aaron"	393608
"Gunupudi, Pavan"	395061
"Gupta, Arvind"	338378
"Gutwin, Carl"	364284
"Guéhéneuc, YannGaël"	364665
"Haarslev, Volker"	395093
"Haccoun, David"	449752
"Hafez, Roshdy"	419962
"Hall, Trevor"	395063
"Hamarneh, Ghassan"	456823
"Hamarneh, Ghassan"	362387
"Hamel, Sylvie"	338431
"HamouLhadj, Abdelwahab"	365169
"Hamouda, Walaa"	365582
"Han, Jie"	463922
"Harutyunyan, Hovhannes"	454654
"Harvey, Nicholas"	435035
"Hasan, Anwarul"	338894
"Haslett, James"	420471
"Hassan, Ahmed"	428875
"Hassan, Ahmed"	337896
"Hassanein, Hossam"	425369
"Hayes, Jeremiah"	338862
"Haynes, Ronald"	396495
"Hayward, Ryan"	338381
"Heidrich, Wolfgang"	455040
"Helaoui, Mohamed"	463677
"Hell, Pavol"	420006
"Helmy, Amr"	456685
"Hengartner, Urs"	428956
"Hengartner, Urs"	337900
"Hepting, Daryl"	337862
"Heywood, Malcolm"	455038
"Higham, Lisa"	363387
"Hinzer, Karin"	431675
"Hinzer, Karin"	402623
"Ho, Paul"	366596
"Ho, PinHan"	364968
"Hoeber, Orland"	402813
"Hoffman, Daniel"	337800
"Hoge, Richard"	459463
"Hogue, Andrew"	463720
"Holte, Robert"	363389
"Hoos, Holger"	455036
"Hooton, Douglas"	362577
"Hoover, James"	390305
"Horspool, Nigel"	363254
"Horton, Joseph"	338349
"Hossain, Ekram"	425940
"Hossain, Shahadat"	425374
"Houghten, Sheridan"	425360
"Hoyer, Peter"	395852
"Hranilovic, Steve"	427295
"Hu, Alan"	452634
"Huang, WeiPing"	338882
"Huang, Xiangji(Jimmy)"	456777
"Hughes, Larry"	337817
"Hung, Patrick"	457330
"Hung, Patrick"	396715
"Hussain, Sajid"	428770
"Hutchinson, Norman"	337810
"Ibnkahla, Mohamed"	454628
"Ilie, Lucian"	455035
"Ilow, Jacek"	338906
"Ilyas, Ihab"	457092
"Inkpen, Diana"	362080
"Inkpen, Kori"	337837
"Ionescu, Dan"	450011
"Irani, Pourang"	406151
"Iravani, Reza"	450581
"Ito, Mabo"	389895
"Ivanov, André"	421364
"Iyer, Ashwin"	463924
"Jackson, Kenneth"	338355
"Jacobsen, HansArno"	393855
"Jaekel, Arunita"	364527
"Jagersand, Martin"	338406
"Janicki, Ryszard"	450642
"Janssen, Jeannette"	364983
"Jaseemuddin, Muhammad"	366589
"Jatskevich, Juri"	426610
"Jedwab, Jonathan"	427104
"Jedwab, Jonathan"	365723
"Jeffrey, David"	338351
"Jeremic, Aleksandar"	457221
"Jin, Dean"	396515
"Jing, Yindi"	435080
"Johanson, Robert"	338937
"Johns, David"	451066
"Joos, Géza"	451010
"Joslin, Christopher"	458017
"Joslin, Christopher"	428927
"Jourdan, GuyVincent"	457247
"Jourdan, GuyVincent"	396620
"Jullien, Graham"	363430
"Jurisica, Igor"	363624
"Jutla, Dawn"	337828
"Kabanets, Valentine"	364041
"Kabanza, Froduald"	338386
"Kabbani, Adnan"	338948
"Kabir, MohammadZahangir"	362127
"Kaczynski, Tomasz"	338373
"Kadoch, Michel"	422247
"Kadoch, Michel"	338891
"Kahl, Wolfram"	364889
"Kaltchenko, Alexei"	396637
"Kaminska, Bozena"	390192
"Kamwa, Innocent"	451414
"Kaplan, Craig"	366430
"Kapralos, Bill"	399378
"Kara, Nadjia"	458444
"Karakostas, George"	363543
"Kari, Lila"	362608
"Kashyap, Navin"	457152
"Keast, Patrick"	366191
"Keil, Mark"	419217
"Keliher, Liam"	395377
"Kennings, Andrew"	363119
"Kenny, Patrick"	366333
"Kent, Kenneth"	363701
"Kerherve, Brigitte"	337815
"Keselj, Vlado"	395368
"Keshav, Srinivasan"	364457
"Khalid, Mohammed"	456688
"Khan, Gul"	338917
"Khandani, AmirKeyvan"	452143
"Kharma, Nawwaf"	338409
"Khazaka, Roni"	362005
"Kherfi, MohammedLamine"	457986
"Kherfi, MohammedLamine"	338449
"Khouas, Abdelhakim"	361810
"Khriss, Ismail"	337876
"Kim, Henry"	425268
"King, Valerie"	338379
"Kinshuk, K"	431887
"Kiringa, Iluju"	363130
"Kirk, Andrew"	364405
"Kirkpatrick, Arthur"	337863
"Kirkpatrick, David"	419752
"Knight, Andrew"	425232
"Knights, Andrew"	427298
"Kobti, Ziad"	428858
"Kobti, Ziad"	338441
"Kondrak, Grzegorz"	362521
"Konemann, Jochen"	364984
"Konstantinidis, Stavros"	365485
"Kontogiannis, Kostas"	337824
"Kosseim, Leila"	393338
"Kotsireas, Ilias"	338418
"Koudas, Nick"	456625
"Koutsakis, Polychronis"	364757
"Kremer, Stefan"	365431
"Kribs, David"	406153
"Krishnamurthy, Vikram"	338942
"Krivodonova, Lilia"	366036
"Kruchten, Philippe"	366236
"Krzymien, Witold"	449872
"Ktari, Béchir"	456783
"Ktari, Béchir"	366375
"Kumar, Shiva"	338945
"Kunz, Thomas"	366586
"Kutulakos, Kiriakos"	365024
"Kwan, HonKeung"	338878
"Kwasniewski, Tadeusz"	420297
"Kwok, Harry"	338875
"Kwong, Raymond"	449176
"Kyan, Matthew"	435099
"Kégl, Balazs"	338411
"LEcuyer, Pierre"	391074
"Labeau, Fabrice"	338930
"Labiche, Yvan"	337847
"Labun, Andrew"	338979
"Lachapelle, Gerard"	390513
"Lacroix, Suzanne"	338873
"Lakhsasi, Ahmed"	338896
"Lakshmanan, Laks"	421422
"Lam, Patrick"	402822
"Lamontagne, Luc"	428424
"Landry, René"	393002
"Lang, Jochen"	396530
"Langer, Michael"	338405
"Langlais, Philippe"	361046
"Langlois, Pierre"	363008
"Lank, Edward"	337897
"Larochelle, Sophie"	452604
"Laviolette, François"	395373
"Lawford, Mark"	362655
"Lawrence, Ramon"	363729
"LeNgoc, Tho"	338864
"Lea, Rodger"	463930
"Leduc, Ryan"	337864
"Lee, Daniel"	338981
"Lee, Ivan"	338969
"Lee, WonSook"	427635
"Lefebvre, Roch"	452732
"Lemieux, Guy"	427386
"Lemieux, Sebastien"	396624
"Lemire, Daniel"	364149
"LeonGarcia, Alberto"	419477
"LeonGarcia, Alberto"	388513
"Leung, Albert"	361255
"Leung, CarsonKaiSang"	366611
"Leung, Cyril"	361961
"Leung, Debbie"	457170
"Leung, Henry"	452068
"Levesque, Hector"	388363
"Levi, Ofer"	402626
"LeytonBrown, Kevin"	361717
"Lhotàk, Ondréj"	428727
"Lhotàk, Ondréj"	337883
"Li, Baochun"	338918
"Li, Cheng"	363243
"Li, Hua"	364098
"Li, Ming"	338374
"Li, Xun"	393540
"Li, Yuying"	338454
"Li, ZeNian"	450681
"Li, Zongpeng"	428774
"Liang, Ben"	456222
"Liang, Jie"	457358
"Liao, Simon"	422864
"LiboironLadouceur, Odile"	435070
"Lie, David"	361737
"Liebeherr, Jorg"	457105
"LightThompson, Janet"	456350
"Lilien, Ryan"	429783
"Lim, TengJoon"	455119
"Lin, Guohui"	337856
"Lin, Man"	454752
"Lin, Xiaodong"	435087
"Linney, Norma"	338403
"Liscano, Ramiro"	426930
"Litoiu, Marin"	403649
"Little, James"	390345
"Liu, Jiangchuan"	427313
"Liu, Jiangchuan"	366637
"Liu, Jiming"	338461
"Liu, Xiaoping(Peter)"	455943
"Liu, YanFei"	424215
"Liu, Yanni"	456739
"Liu, Yanni"	361210
"Lounis, Hakim"	393185
"Lounis, Hakim"	364281
"Lowe, David"	338368
"Loyka, Sergey"	362310
"Lu, Jianguo"	395383
"Lubiw, Anna"	450674
"Lucet, Yves"	395924
"Ludwig, Simone"	365035
"Lumsden, Joanna"	395402
"Lutkenhaus, Norbert"	361713
"Lynch, William"	338893
"Lyons, Kelly"	403435
"Ma, Bin"	338402
"Ma, Burton"	463826
"Ma, Yuan"	338977
"MacCaull, Wendy"	389865
"MacDonald, Steven"	364455
"MacGillivray, Gary"	365458
"MacGregor, Michael"	454756
"MacGregor, Michael"	425359
"MacKenzie, Scott"	421990
"MacLean, Karon"	337848
"Maciejko, Romain"	420300
"Mackworth, Alan"	338363
"Magen, Avner"	396802
"Magierowski, Sebastian"	427678
"Maheshwari, Anil"	338389
"Maheswaran, Muthucumaru"	365957
"Mahseredjian, Jean"	451644
"Maier, Martin"	338959
"Majedi, AmirHamed"	364640
"Majedi, AmirHamed"	338946
"Majumdar, Shikharesh"	390660
"Makarenkov, Vladimir"	338414
"Maldague, Xavier"	421572
"Malik, Om"	419773
"Malton, Andrew"	337811
"Mandal, Mrinal"	425242
"Mandryk, Regan"	399361
"Manjikian, Naraig"	337827
"Mann, Richard"	454780
"Mann, Stephen"	422243
"Manuch, Jan"	461456
"Mao, Zhiwei"	395714
"Marbach, Peter"	455221
"Marble, Andrew"	435090
"Marchand, Mario"	338380
"Marchand, Yannick"	361042
"Marcus, Brian"	362504
"Mark, Jon"	389587
"Marquez, Horacio"	452622
"Martel, Sylvain"	361932
"Marti, Jose"	421381
"Marzi, Hosein"	362492
"Mason, Ralph"	338909
"Massicotte, Daniel"	392008
"Mathieu, Pierre"	452136
"Matrawy, Ashraf"	362432
"Matwin, Stanislaw"	338342
"Maurer, Frank"	365278
"Mayers, André"	366352
"McCann, Robert"	406154
"McCuaig, Judith(Judi)"	337877
"McGregor, Carolyn"	431895
"McGrenere, Joanna"	362677
"McHugh, John"	326098
"McHugh, John"	337894
"McIlraith, Sheila"	363456
"McInerney, Timothy"	393189
"McKenzie, Pierre"	364851
"McNeill, Dean"	361894
"McQuillan, Ian"	338443
"Mcheick, Hamid"	361818
"MehmetAli, Mustafa"	449612
"Mellouli, Sehl"	337882
"Merlo, Ettore"	452172
"Messier, Geoffrey"	338960
"Meyer, Irmtraud"	364173
"Mi, Zetian"	402629
"Michelson, David"	427077
"Michelson, David"	395521
"Mignotte, Max"	338401
"Mili, Hafedh"	364282
"Miller, James"	337852
"Mineau, Guy"	338376
"Mirabbasi, Shahriar"	361316
"Mirhassani, Mitra"	435065
"Miri, Ali"	394411
"Miri, Ali"	338929
"Misic, Vojislav"	456796
"Misic, Vojislav"	361534
"Mitchell, Ian"	362382
"Mitiche, Amar"	419863
"Moallem, Mehrdad"	425204
"Modersitzki, Jan"	402851
"Moez, Kambiz"	402630
"Mohamed, Yasser"	464748
"Mohar, Bojan"	406156
"Mohassel, Payman"	463682
"Mohr, Jonathan"	338457
"Molloy, Michael"	423022
"Mori, Gregory"	406157
"Morin, Patrick"	406158
"Morris, Kirsten"	451345
"Morrison, Jason"	361370
"Mosca, Michele"	393192
"Moschopoulos, Gerasimos(Gerry)"	424226
"Moshovos, Andreas"	361421
"Mouftah, Hussein"	419371
"Mouhoub, Malek"	454770
"Mould, David"	365796
"Moulin, Bernard"	420071
"Moura, Lucia"	338400
"Mousavi, Parvin"	456773
"Mousavi, Parvin"	365453
"Mudur, Sudhir"	365006
"Muhaidat, Sami"	435079
"Mukhopadhyay, Asish"	454632
"Mullins, John"	362782
"Munro, Ian"	365693
"Munzner, Tamara"	395361
"Murphy, Gail"	452635
"Murua, Alejandro"	338455
"Muscedere, Roberto"	457445
"Musilek, Petr"	338398
"Muzio, Jon"	338861
"Mylopoulos, John"	362658
"Myrvold, Wendy"	421257
"Müller, Hausi"	337805
"Müller, Martin"	455022
"Nabki, Frederic"	463917
"Nairn, David"	365221
"Najm, Farid"	454515
"Nakhla, Michel"	364688
"Narayanan, Lata"	452008
"Nascimento, Mario"	337838
"Nasiopoulos, Panos"	422770
"Nasser, Nidal"	428740
"Nasser, Nidal"	337885
"Nayak, Ashwin"	395426
"Nerguizian, Chahé"	427243
"Neufang, Matthias"	406159
"Neufeld, Eric"	390816
"Ng, Raymond"	422212
"Ngom, Alioune"	338395
"Nguyen, Ha"	365807
"Nguyen, UyenTrang"	395087
"Nie, JianYun"	406160
"Nie, JianYun"	391144
"Nielsen, Christopher"	435056
"Nikolaidis, Ioanis"	452702
"Nishimura, Naomi"	421969
"Nkambou, Roger"	362765
"Noble, Scott"	431740
"Noumeir, Rita"	392063
"OLeary, Stephen"	364249
"Okhmatovski, Vladimir"	457484
"Okouneva, Galina"	366016
"Oldford, Wayne"	420792
"Oommen, John"	449397
"Oore, Sageev"	366561
"Opal, Ajoy"	391206
"Oppacher, Franz"	338335
"Ordonez, Martin"	463851
"Osborn, Sylvia"	365280
"Osgood, Nathaniel"	428756
"Osgood, Nathaniel"	337887
"Ouarda, Taha"	362773
"Ozell, Benoit"	338394
"Pai, Dinesh"	364869
"Paige, Christopher"	338362
"Pal, Christopher"	435200
"Pan, Jianping"	337905
"Panangaden, Prakash"	451232
"Panario, Daniel"	406161
"Paquet, Joey"	425285
"Paranjape, Raman"	338902
"Parizeau, Marc"	338384
"Parsons, Jeffrey"	452043
"Parsons, Jeffrey"	422523
"Parsons, Jeffrey"	365361
"Pasquier, Philippe"	402859
"Patel, Hiren"	463918
"Patriciu, Alexandru"	402858
"Pattabiraman, Karthik"	463806
"Pavel, Lacra"	395219
"Pawlak, Miroslaw"	362926
"Pearce, Joshua"	434828
"Pearce, Trevor"	395630
"Pei, Jian"	406162
"Pelletier, Francis"	365011
"Periyalwar, Shalini"	364697
"Perkins, Theodore"	429037
"Perkins, Theodore"	338459
"Pesant, Gilles"	366155
"Petriu, Dorina"	363247
"Peyton, Liam"	363728
"Pfahl, Dietmar"	337901
"Pichevar, Ramin"	431690
"Pientka, Brigitte"	366294
"Pierre, Samuel"	363029
"Pigot, Hélène"	362858
"Pike, David"	393301
"Pillay, Pragasen"	406163
"Pitassi, Toniann"	361153
"Pizzi, Nicolino"	424863
"Pizzi, Nicolino"	393197
"Plamondon, Réjean"	419343
"Plett, Calvin"	406164
"Polouchine, Ilia"	463919
"Poole, David"	338372
"Popowich, Frederick"	338371
"Poulin, Pierre"	452092
"Poupart, Pascal"	396800
"Pratte, JeanFrançois"	463921
"Precup, Doina"	455114
"Primak, Serguei"	454596
"Prodic, Aleksandar"	427369
"Prusinkiewicz, Przemyslaw"	391362
"Psaromiligkos, Ioannis"	366591
"Pu, KenQian"	362561
"Pulfrey, David"	338870
"Qiao, Sanzheng"	421451
"Qiu, Dongyu"	338970
"Quintero, JoseAlejandro"	362847
"Quitoriano, Nathaniel"	463694
"Qureshi, Faisal"	434961
"Raahemi, Bijan"	362766
"Radecka, Katarzyna"	366602
"Radhakrishnan, Thiruvengadam"	419759
"Rafiei, Davood"	394224
"Rappaport, David"	450440
"Rappaport, David"	420777
"Raut, Rabin"	338889
"Ray, Nilanjan"	362411
"Rayside, Derek"	463855
"Reformat, Marek"	455135
"Reilly, James"	449991
"Rekleitis, Ioannis"	402938
"ReyhaniMasoleh, Arash"	457446
"Rice, Jacqueline"	337872
"Ricker, Laurie"	338914
"Riecke, Bernhard"	434975
"Robert, JeanMarc"	366614
"Roberts, Gordon"	338883
"Robertson, William(Bill)"	338867
"Robillard, Martin"	396439
"Rochette, Martin"	365139
"Rogan, Peter"	434956
"Rogers, John"	366581
"Rohling, Robert"	455137
"Rokne, Jon"	365441
"Rosehart, William"	455383
"Rouat, Jean"	338880
"Roweis, Sam"	363058
"Roy, ChanchalKumar"	463823
"Roy, Langis"	422520
"Rudie, Karen"	451892
"Rudnicki, Piotr"	389932
"Ruecker, Stan"	337884
"Rueda, Luis"	426565
"Ruhe, Guenther"	363898
"Ruskey, Frank"	419705
"Ryan, James"	364926
"Sabati, Mohammad"	402973
"Sachdev, Manoj"	364339
"Sadaoui, Samira"	455170
"Sadat, Fatiha"	402861
"SafaviNaieni, Rei"	402846
"Sahinalp, Cenk"	456832
"Sahraoui, Houari"	424867
"Salah, Aziz"	456280
"Salavatipour, MohammadReza"	396450
"Salem, Kenneth"	362040
"Salt, Joseph"	338857
"Salvail, Louis"	431945
"Samaan, Nancy"	403688
"Samadi, Saed"	338972
"Samarabandu, Jagath"	361168
"Samavati, Faramarz"	365069
"Sampalli, Srinivas"	366590
"Sander, Jörg"	337866
"Sankoff, David"	389857
"Sargent, Edward(Ted)"	364210
"Sarkar, Anoop"	395454
"Saroiu, Stefan"	337906
"Sarshar, Nima"	363323
"Sawada, Joe"	364398
"Sawan, Mohamad"	366293
"Sazonov, Andrei"	454798
"Schaeffer, Jonathan"	389680
"Schlegel, Christian"	366575
"Schneider, Kevin"	365222
"Schober, Robert"	361160
"Schost, Eric"	458731
"Schriemer, Henry"	338973
"Schroeder, Bianca"	402853
"Schulte, Oliver"	393220
"Schuurmans, Dale"	406165
"Schötzau, Dominik"	361900
"Scott, Philip"	338357
"Scott, Stacey"	362418
"Sebak, Abdel"	421372
"Sedaghat, Reza"	361223
"Sedig, Kamran"	454678
"Sekerinski, Emil"	337833
"Selouani, SidAhmed"	362865
"Selvaganapathy, Ponnambalam"	458004
"Sesay, AbuBakarr"	390600
"Shafai, Lotfollah"	450150
"ShahHeydari, Shahram"	402633
"Shahbazpanahi, Shahram"	338974
"Shahrrava, Behnam"	366008
"Shakshuki, Elhadi"	455312
"Shakshuki, Elhadi"	425969
"Shallit, Jeffrey"	390988
"Shami, Abdallah"	364084
"Sharlin, Ehud"	396728
"Shatkay, Hagit"	427499
"Shaw, Christopher"	338458
"Shayan, Yousef"	362566
"Shen, Weiming"	395076
"Shen, XueminSherman"	338901
"Shepherd, Bruce"	458802
"Shepherd, Bruce"	365053
"Sherif, Sherif"	435086
"Shi, Wei"	435046
"ShiriVarnaamkhaasti, Nematollaah"	455686
"ShiriVarnaamkhaasti, Nematollaah"	366106
"Shoja, Gholamali"	449398
"Shpak, Dale"	421607
"Sica, Francesco"	363975
"SidAhmed, Maher"	419483
"Siddiqi, Kaleem"	406166
"Silver, Daniel"	425142
"Singh, Ajit"	337816
"Singh, Karan"	338424
"Sirouspour, Shahin"	427301
"Sit, Jeremy"	338940
"Sivoththaman, Siva"	425403
"Skorobogatiy, Maksim"	427651
"Slonim, Jacob"	337813
"Smid, Michiel"	364842
"Smith, James"	435092
"Smith, Spencer"	394226
"Smucker, Mark"	434960
"Smyth, Tamara"	396989
"Smyth, William"	362370
"Sobot, Robert"	399762
"Sodan, Angela"	337849
"SoltysKulinicz, Michael"	338421
"Somayaji, Anil"	427628
"Somayaji, Anil"	364953
"Somé, StéphaneSotèg"	337850
"Song, Shaowen"	337826
"Song, Wei"	463663
"Sood, Vijay"	419911
"Sorenson, Paul"	390587
"Sousa, Elvino"	365960
"Soutchanski, Mikhail"	426973
"Spiteri, Raymond"	393722
"Srinivasan, Venkatesh"	366185
"StDenis, Richard"	390394
"Stacey, Deborah"	421248
"Stacho, Ladislav"	362520
"Stanley, Kevin"	402834
"Stege, Ulrike"	338422
"Stepanova, Maria"	338961
"Stevenson, Suzanne"	364071
"Stewart, Lorna"	338361
"Stewart, Neil"	450241
"Stojmenovic, Ivan"	450851
"Storjohann, Arne"	365227
"Stroulia, Eleni"	423895
"Stuerzlinger, Wolfgang"	366290
"Sundaram, Shreyas"	463969
"Swamy, Chaitany"	338452
"Swamy, Chaitanya"	428929
"Syrzycki, Marek"	450855
"Szafron, Duane"	337801
"Szczecinski, Leszek"	365196
"Szpakowicz, Stan"	364476
"Szymanski, Ted"	421996
"Szymanski, Ted"	361551
"Tadj, Chakib"	424891
"Tahar, Sofiène"	452662
"Tahvildari, Ladan"	361397
"Tait, Niall"	338907
"Takahara, Glen"	391790
"Takaya, Kunio"	365425
"Talbi, Larbi"	454771
"Talim, Jerome"	337867
"Tapp, Alain"	364020
"Tardos, Gabor"	429080
"Tardos, Gabor"	338462
"Tawbi, Nadia"	452689
"Tennent, Robert"	364122
"Terry, Michael"	428780
"Terry, Michael"	337895
"Therien, Denis"	419917
"Thibeault, Claude"	391643
"Thomson, Douglas"	451617
"Thulasiraman, Parimala"	337854
"Tizhoosh, Hamid"	394793
"Todd, Terence"	338858
"Tompa, Frank"	450456
"Toms, Elaine"	366279
"Topaloglou, Theodoros"	337907
"Tory, Melanie"	326097
"Tourlakis, George"	450359
"Toussaint, Godfried"	420798
"Trajkovic, Ljiljana"	363478
"Tran, Thomas"	396505
"Trappenberg, Thomas"	363062
"Trefler, Richard"	361714
"Tremblay, Christine"	338949
"Tremblay, Guy"	337820
"Tropper, Carl"	388373
"Truong, Kevin"	395583
"Truong, Khai"	337892
"Tsotsos, John"	419921
"Turcotte, Marcel"	338428
"Turksen, Burhan"	450148
"Tweed, Douglas"	464750
"Tzanetakis, George"	363334
"Tzerpos, Vassilios"	337868
"Ulieru, Mihaela"	424828
"Urquhart, Alasdair"	338377
"Vachon, Julie"	337869
"Vaidyanathan, Mani"	457556
"Valizadeh, Pouya"	461511
"Valtchev, Petko"	338423
"Van, Vien"	338975
"VanBeek, Peter"	361764
"VanBreugel, Franck"	393324
"VanOorschot, Paul"	405765
"VandePanne, Michiel"	452093
"Vanderkooy, John"	363338
"Vardy, Andrew"	338445
"Vassileva, Julita"	338393
"Vaughan, Richard"	456788
"Vavasis, Stephen"	361072
"Vechtomova, Olga"	395024
"Veksler, Olga"	361745
"Veldhuizen, Todd"	364777
"Verbrugge, Clark"	366144
"Vetta, Adrian"	364802
"Viktor, Herna"	364109
"Villemaire, Roger"	422580
"Vincent, Pascal"	361539
"Vlajic, Natalija"	397079
"VonBochmann, Gregor"	337818
"Vorobyov, Sergiy"	362591
"Vu, Mai"	435238
"Vukovic, Aleksandar"	396753
"Wadge, William"	362403
"Wahid, Khan"	402312
"Wainer, Gabriel"	455178
"Waldispuhl, Jerome"	463863
"Walker, Robert"	395394
"Walsh, Timothy"	361294
"Wan, Justin"	455191
"Wand, Yair"	388892
"Wanderley, Marcelo"	363356
"Wang, CaoAn"	366319
"Wang, Chun"	434963
"Wang, ChunyanCW"	338908
"Wang, Fangju"	451284
"Wang, Jane"	457447
"Wang, Lingyu"	362597
"Wang, Shengrui"	451567
"Wang, Xianbin"	402313
"Wang, Yingxu"	362745
"Wang, Zhou"	402855
"Ward, Paul"	364667
"Wareham, Harold"	454745
"Warfield, Andrew"	364080
"Wasserman, Wyeth"	459434
"Watrous, John"	425370
"Watters, Carolyn"	391911
"Weddell, Grant"	337807
"Wei, Ruizhong"	338412
"West, Brian"	435061
"Westwick, David"	455096
"White, Anthony"	365238
"Whitehead, Anthony"	337899
"Whitesides, Sue"	338336
"Wiese, Kay"	365250
"Wildes, Richard"	365645
"Williams, Alan"	364279
"Williamson, Carey"	391282
"Wineberg, Mark"	455031
"Winter, HorstMichael"	362067
"Witte, René"	461374
"Witte, René"	434971
"Woelfel, Philipp"	402857
"Wohlstadter, Eric"	457318
"Woit, Denise"	422684
"Wong, Andrew"	338348
"Wong, Johnny"	419762
"Wong, Kainam"	338934
"Wong, Max"	419901
"Wong, Tony"	338396
"Wong, Vincent"	365137
"Woodbury, Robert"	361850
"Woodham, Robert"	338344
"Wormald, Nicholas"	364040
"Wu, Dan"	395979
"Wu, FangXiang"	458089
"Wu, Huapeng"	456220
"Wu, Jing"	366392
"Wu, Kui"	394999
"Xiang, Yang"	338385
"Xu, Changqing"	395348
"Xu, Dewei"	457492
"YadidPecht, Orly"	427198
"Yam, SzeHong(Scott)"	338947
"Yan, Yuhong"	365200
"Yang, Boting"	365833
"Yang, EnHui"	338900
"Yang, HongChuan"	427373
"Yang, LaurenceTianruo"	396701
"Yang, Oliver"	406171
"Yang, Simon"	454626
"Yao, JingTao"	363059
"Yavuz, Mustafa"	456971
"Ye, Andy"	362109
"Ye, Qiang"	428962
"Yee, George"	337880
"Yeh, ChiHsiang"	454800
"Yongacoglu, Abbas"	338854
"Yoon, TaeJin"	463834
"You, JiaHuai"	450445
"Yousefi, Shahram"	456433
"Youssef, Amr"	457362
"Yu, Fei(Richard)"	364062
"Yu, Gwoing(Tina)"	338448
"Yu, MinLi(Joseph)"	338387
"Yu, Ming"	426696
"Yu, Wei"	363542
"Yu, Xiaohui"	365564
"Yuan, Fei"	425221
"Yuan, LiYan"	421290
"Yuan, LiYan"	390456
"Zaccarin, André"	362920
"Zaccarin, André"	338887
"Zach, Richard"	363112
"Zaïane, Osmar"	365803
"Zeh, Norbert"	363412
"Zemel, Richard"	425350
"Zhang, Chang"	337809
"Zhang, Hao"	361388
"Zhang, Huajie"	361466
"Zhang, JianKang"	402314
"Zhang, JohnZhong"	397769
"Zhang, Lihong"	361317
"Zhang, XiaoPing"	455131
"Zhang, Xiupu(John)"	426500
"Zhang, Yang"	457398
"Zhao, Dongmei"	395352
"Zhao, Dongmei"	338943
"Zhao, Lian"	427374
"Zhao, Qing"	455097
"Zhao, Vicky"	362602
"Zhu, Bo"	402845
"Zhu, Ying"	365073
"Zhuang, Weihua"	391693
"Ziarko, Wojciech"	338343
"Zielinski, Adam"	361941
"Zilic, Zeljko"	393226
"Zima, Evgueni"	338404
"Zimmermann, Thomas"	402862
"Ziou, Djemel"	427430
"Zou, Ying"	364043
"Zuberek, Wlodzimierz"	337802
"Zulkernine, Mohammad"	427045
"Zulkernine, Mohammad"	364290
"Özsu, Tamer"	419353
